id,kostat_category_5_code,kostat_category_5_name,pdeck_category_2_code,pdeck_category_2_name
1197,01110,곡물 및 기타 식량작물 재배업,0603,농업/애그테크
1198,01121,채소작물 재배업,0603,농업/애그테크
1199,01122,화훼작물 재배업,0603,농업/애그테크
1200,01123,종자 및 묘목 생산업,0603,농업/애그테크
1201,01131,과실작물 재배업,0603,농업/애그테크
1202,01132,음료용 및 향신용 작물 재배업,0603,농업/애그테크
1203,01140,기타 작물 재배업,0603,농업/애그테크
1204,01151,콩나물 재배업,0603,농업/애그테크
1205,01152,"채소, 화훼 및 과실작물 시설 재배업",0603,농업/애그테크
1206,01159,기타 시설작물 재배업,0603,농업/애그테크
1207,01211,젖소 사육업,0603,농업/애그테크
1208,01212,육우 사육업,0603,농업/애그테크
1209,01220,양돈업,0603,농업/애그테크
1210,01231,양계업,0603,농업/애그테크
1211,01239,기타 가금류 및 조류 사육업,0603,농업/애그테크
1212,01291,말 및 양 사육업,0603,농업/애그테크
1213,01299,그 외 기타 축산업,0603,농업/애그테크
1214,01300,작물재배 및 축산 복합농업,0603,농업/애그테크
1215,01411,작물재배 지원 서비스업,0603,농업/애그테크
1216,01412,농산물 건조선별 및 기타 수확 후 서비스업,0603,농업/애그테크
1217,01420,축산 관련 서비스업,0603,농업/애그테크
1218,01500,수렵 및 관련 서비스업,0603,농업/애그테크
1219,02011,임업용 종묘 생산업,0603,농업/애그테크
1220,02012,육림업,0603,농업/애그테크
1221,02020,벌목업,0603,농업/애그테크
1222,02030,임산물 채취업,0603,농업/애그테크
1223,02990,임업 관련 서비스업,0603,농업/애그테크
1224,03111,원양 어업,0603,농업/애그테크
1225,03112,연근해 어업,0603,농업/애그테크
1226,03120,내수면 어업,0603,농업/애그테크
1227,03211,해수면 양식 어업,0603,농업/애그테크
1228,03212,내수면 양식 어업,0603,농업/애그테크
1229,03213,수산물 부화 및 수산 종자 생산업,0603,농업/애그테크
1230,03220,어업 관련 서비스업,0603,농업/애그테크
1231,05100,석탄 광업,0602,석유/가스/광업
1232,05200,원유 및 천연가스 채굴업,0602,석유/가스/광업
1233,06100,철 광업,0602,석유/가스/광업
1234,06200,비철금속 광업,0602,석유/가스/광업
1235,07110,석회석 및 점토 광업,0602,석유/가스/광업
1236,07121,건설용 석재 채굴 및 쇄석 생산업,0602,석유/가스/광업
1237,07122,모래 및 자갈 채취업,0602,석유/가스/광업
1238,07210,화학용 및 비료 원료용 광물 광업,0602,석유/가스/광업
1239,07220,천일염 생산 및 암염 채취업,0602,석유/가스/광업
1240,07290,그 외 기타 비금속광물 광업,0602,석유/가스/광업
1241,08000,광업 지원 서비스업,0602,석유/가스/광업
1242,10111,육류 도축업(가금류 제외),0704,식품 및 음료
1243,10112,가금류 도축업,0704,식품 및 음료
1244,10121,가금류 가공 및 저장 처리업,0704,식품 및 음료
1245,10122,육류 포장육 및 냉동육 가공업(가금류 제외),0704,식품 및 음료
1246,10129,육류 기타 가공 및 저장 처리업(가금류 제외),0704,식품 및 음료
1247,10211,수산동물 훈제조리 및 유사 조제식품 제조업,0704,식품 및 음료
1248,10212,수산동물 건조 및 염장품 제조업,0704,식품 및 음료
1249,10213,수산동물 냉동품 제조업,0704,식품 및 음료
1250,10219,기타 수산동물 가공 및 저장 처리업,0704,식품 및 음료
1251,10220,수산식물 가공 및 저장 처리업,0704,식품 및 음료
1252,10301,김치류 제조업,0704,식품 및 음료
1253,10302,과실 및 그 외 채소 절임식품 제조업,0704,식품 및 음료
1254,10309,기타 과실ㆍ채소 가공 및 저장 처리업,0704,식품 및 음료
1255,10401,동물성 유지 제조업,0704,식품 및 음료
1256,10402,식물성 유지 제조업,0704,식품 및 음료
1257,10403,식용 정제유 및 가공유 제조업,0704,식품 및 음료
1258,10501,액상 시유 및 기타 낙농제품 제조업,0704,식품 및 음료
1259,10502,아이스크림 및 기타 식용 빙과류 제조업,0704,식품 및 음료
1260,10611,곡물 도정업,0704,식품 및 음료
1261,10612,곡물 제분업,0704,식품 및 음료
1262,10613,곡물 혼합 분말 및 반죽 제조업,0704,식품 및 음료
1263,10619,기타 곡물 가공품 제조업,0704,식품 및 음료
1264,10620,전분제품 및 당류 제조업,0704,식품 및 음료
1265,10711,떡류 제조업,0704,식품 및 음료
1266,10712,빵류 제조업,0704,식품 및 음료
1267,10713,과자류 및 코코아 제품 제조업,0704,식품 및 음료
1268,10720,설탕 제조업,0704,식품 및 음료
1269,10730,면류마카로니 및 유사 식품 제조업,0704,식품 및 음료
1270,10741,식초발효 및 화학 조미료 제조업,0704,식품 및 음료
1271,10742,천연 및 혼합 조제 조미료 제조업,0704,식품 및 음료
1272,10743,장류 제조업,0704,식품 및 음료
1273,10749,기타 식품 첨가물 제조업,0704,식품 및 음료
1274,10751,도시락류 제조업,0704,식품 및 음료
1275,10759,기타 식사용 가공처리 조리식품 제조업,0704,식품 및 음료
1276,10791,커피 가공업,0704,식품 및 음료
1277,10792,차류 가공업,0704,식품 및 음료
1278,10793,수프 및 균질화식품 제조업,0704,식품 및 음료
1279,10794,두부 및 유사 식품 제조업,0704,식품 및 음료
1280,10795,인삼식품 제조업,0704,식품 및 음료
1281,10796,건강 보조용 액화식품 제조업,0704,식품 및 음료
1282,10797,건강 기능식품 제조업,0704,식품 및 음료
1283,10799,그 외 기타 식료품 제조업,0704,식품 및 음료
1284,10801,배합 사료 제조업,0603,농업/애그테크
1285,10802,단미사료 및 기타 사료 제조업,0603,농업/애그테크
1286,11111,탁주 및 약주 제조업,0704,식품 및 음료
1287,11112,맥아 및 맥주 제조업,0704,식품 및 음료
1288,11119,기타 발효주 제조업,0704,식품 및 음료
1289,11121,주정 제조업,0704,식품 및 음료
1290,11122,소주 제조업,0704,식품 및 음료
1291,11129,기타 증류주 및 합성주 제조업,0704,식품 및 음료
1292,11201,얼음 제조업,9901,화학물질/제품
1293,11202,생수 생산업,0704,식품 및 음료
1294,11209,기타 비알코올 음료 제조업,0704,식품 및 음료
1295,12000,담배제품 제조업,0799,기타
1296,13101,면 방적업,9901,화학물질/제품
1297,13102,모 방적업,9901,화학물질/제품
1298,13103,화학섬유 방적업,9901,화학물질/제품
1299,13104,연사 및 가공사 제조업,9901,화학물질/제품
1300,13109,기타 방적업,9901,화학물질/제품
1301,13211,면직물 직조업,0703,소비재
1302,13212,모직물 직조업,0703,소비재
1303,13213,화학섬유직물 직조업,0703,소비재
1304,13219,특수직물 및 기타 직물 직조업,0703,소비재
1305,13221,침구 및 관련제품 제조업,0703,소비재
1306,13222,자수제품 및 자수용 재료 제조업,0703,소비재
1307,13223,커튼 및 유사 제품 제조업,0703,소비재
1308,13224,천막텐트 및 유사 제품 제조업,0703,소비재
1309,13225,직물포대 제조업,0703,소비재
1310,13229,기타 직물제품 제조업,0703,소비재
1311,13300,편조 원단 제조업,9901,화학물질/제품
1312,13401,솜 및 실 염색 가공업,9901,화학물질/제품
1313,13402,"직물, 편조 원단 및 의복류 염색 가공업",9901,화학물질/제품
1314,13403,날염 가공업,9901,화학물질/제품
1315,13409,섬유제품 기타 정리 및 마무리 가공업,9901,화학물질/제품
1316,13910,"카펫, 마루덮개 및 유사 제품 제조업",0703,소비재
1317,13921,끈 및 로프 제조업,0799,기타
1318,13922,어망 및 기타 끈 가공품 제조업,0799,기타
1319,13991,세폭직물 제조업,0703,소비재
1320,13992,부직포 및 펠트 제조업,0703,소비재
1321,13993,특수사 및 코드직물 제조업,0703,소비재
1322,13994,표면처리 및 적층 직물 제조업,9901,화학물질/제품
1323,13999,그 외 기타 분류 안된 섬유제품 제조업,0703,소비재
1324,14111,남자용 겉옷 제조업,0703,소비재
1325,14112,여자용 겉옷 제조업,0703,소비재
1326,14120,속옷 및 잠옷 제조업,0703,소비재
1327,14130,한복 제조업,0703,소비재
1328,14191,셔츠 및 블라우스 제조업,0703,소비재
1329,14192,근무복작복 및 유사 의복 제조업,0703,소비재
1330,14193,가죽의복 제조업,0703,소비재
1331,14194,유아용 의복 제조업,0703,소비재
1332,14199,그 외 기타 봉제의복 제조업,0703,소비재
1333,14200,모피제품 제조업,0703,소비재
1334,14300,편조의복 제조업,0703,소비재
1335,14411,스타킹 및 기타양말 제조업,0703,소비재
1336,14419,기타 편조 의복 액세서리 제조업,0703,소비재
1337,14491,모자 제조업,0703,소비재
1338,14499,그 외 기타 의복 액세서리 제조업,0703,소비재
1339,15110,모피 및 가죽 제조업,0703,소비재
1340,15121,핸드백 및 지갑 제조업,0703,소비재
1341,15129,가방 및 기타 보호용 케이스 제조업,0703,소비재
1342,15190,기타 가죽제품 제조업,0703,소비재
1343,15211,구두류 제조업,0703,소비재
1344,15219,기타 신발 제조업,0703,소비재
1345,15220,신발 부분품 제조업,0703,소비재
1346,16101,일반 제재업,9901,화학물질/제품
1347,16102,표면 가공목재 및 특정 목적용 제재목 제조업,9901,화학물질/제품
1348,16103,목재 보존방부처리도장 및 유사 처리업,9901,화학물질/제품
1349,16211,박판합판 및 유사 적층판 제조업,9901,화학물질/제품
1350,16212,강화 및 재생 목재 제조업,9901,화학물질/제품
1351,16221,목재 문 및 관련제품 제조업,9901,화학물질/제품
1352,16229,기타 건축용 나무제품 제조업,9901,화학물질/제품
1353,16231,목재 깔판류 및 기타 적재판 제조업,9901,화학물질/제품
1354,16232,목재 포장용 상자드럼 및 유사 용기 제조업,0799,기타
1355,16291,목재 도구 및 주방용 나무제품 제조업,0703,소비재
1356,16292,장식용 목제품 제조업,0703,소비재
1357,16299,그 외 기타 나무제품 제조업,0703,소비재
1358,16300,코르크 및 조물 제품 제조업,9901,화학물질/제품
1359,17110,펄프 제조업,9901,화학물질/제품
1360,17121,신문용지 제조업,9901,화학물질/제품
1361,17122,인쇄용 및 필기용 원지 제조업,9901,화학물질/제품
1362,17123,크라프트지 및 상자용 판지 제조업,9901,화학물질/제품
1363,17124,적층합성 및 특수 표면처리 종이 제조업,9901,화학물질/제품
1364,17125,위생용 원지 제조업,9901,화학물질/제품
1365,17129,기타 종이 및 판지 제조업,9901,화학물질/제품
1366,17211,골판지 제조업,9901,화학물질/제품
1367,17212,골판지 상자 및 가공제품 제조업,9901,화학물질/제품
1368,17221,종이 포대 및 가방 제조업,9901,화학물질/제품
1369,17222,판지 상자 및 용기 제조업,9901,화학물질/제품
1370,17223,식품 위생용 종이 상자 및 용기 제조업,9901,화학물질/제품
1371,17229,기타 종이 상자 및 용기 제조업,9901,화학물질/제품
1372,17901,문구용 종이제품 제조업,0703,소비재
1373,17902,위생용 종이제품 제조업,0703,소비재
1374,17903,벽지 및 장판지 제조업,9901,화학물질/제품
1375,17909,그 외 기타 종이 및 판지 제품 제조업,9901,화학물질/제품
1376,18111,경 인쇄업,0799,기타
1377,18112,스크린 인쇄업,0799,기타
1378,18113,오프셋 인쇄업,0799,기타
1379,18119,기타 인쇄업,0799,기타
1380,18121,제판 및 조판업,0799,기타
1381,18122,제책업,0799,기타
1382,18129,기타 인쇄관련 산업,0799,기타
1383,18200,기록매체 복제업,0802,디지털미디어
1384,19101,코크스 및 관련제품 제조업,9901,화학물질/제품
1385,19102,연탄 및 기타 석탄 가공품 제조업,0602,석유/가스/광업
1386,19210,원유 정제처리업,0602,석유/가스/광업
1387,19221,윤활유 및 그리스 제조업,0602,석유/가스/광업
1388,19229,기타 석유 정제물 재처리업,0602,석유/가스/광업
1389,20111,석유화학계 기초 화학 물질 제조업,9901,화학물질/제품
1390,20112,천연수지 및 나무 화학 물질 제조업,9901,화학물질/제품
1391,20119,석탄화학계 화합물 및 기타 기초 유기화학 물질 제조업,9901,화학물질/제품
1392,20121,산업용 가스 제조업,9901,화학물질/제품
1393,20129,기타 기초 무기화학 물질 제조업,9901,화학물질/제품
1394,20131,무기 안료용 금속 산화물 및 관련 제품 제조업,9901,화학물질/제품
1395,20132,염료조제 무기 안료유연제 및 기타 착색제 제조업,9901,화학물질/제품
1396,20201,합성고무 제조업,9901,화학물질/제품
1397,20202,합성수지 및 기타 플라스틱 물질 제조업,9901,화학물질/제품
1398,20203,혼성 및 재생 플라스틱 소재 물질 제조업,0605,환경기술
1399,20311,질소 화합물질소ㆍ인산 및 칼리질 화학비료 제조업,9901,화학물질/제품
1400,20312,복합비료 및 기타 화학비료 제조업,9901,화학물질/제품
1401,20313,유기질 비료 및 상토 제조업,9901,화학물질/제품
1402,20321,화학 살균ㆍ살충제 및 농업용 약제 제조업,9901,화학물질/제품
1403,20322,생물 살균ㆍ살충제 및 식물보호제 제조업,9901,화학물질/제품
1404,20411,일반용 도료 및 관련제품 제조업,9901,화학물질/제품
1405,20412,요업용 도포제 및 관련제품 제조업,9901,화학물질/제품
1406,20413,인쇄 잉크 및 회화용 물감 제조업,9901,화학물질/제품
1407,20421,계면활성제 제조업,9901,화학물질/제품
1408,20422,"치약, 비누 및 기타 세제 제조업",0703,소비재
1409,20423,화장품 제조업,0705,미용 및 개인관리
1410,20424,표면 광택제 및 실내 가향제 제조업,0703,소비재
1411,20491,감광 재료 및 관련 화학제품 제조업,9901,화학물질/제품
1412,20492,가공 및 정제염 제조업,9901,화학물질/제품
1413,20493,접착제 및 젤라틴 제조업,9901,화학물질/제품
1414,20494,화약 및 불꽃제품 제조업,9901,화학물질/제품
1415,20495,바이오 연료 및 혼합물 제조업,0601,신에너지/재생에너지
1416,20499,그 외 기타 분류 안된 화학제품 제조업,9901,화학물질/제품
1417,20501,합성섬유 제조업,9901,화학물질/제품
1418,20502,재생 섬유 제조업,9901,화학물질/제품
1419,21101,의약용 화합물 및 항생물질 제조업,0903,제약
1420,21102,생물학적 제제 제조업,0903,제약
1421,21210,완제 의약품 제조업,0903,제약
1422,21220,한의약품 제조업,0903,제약
1423,21230,동물용 의약품 제조업,0903,제약
1424,21300,의료용품 및 기타 의약 관련제품 제조업,0902,의료기기
1425,22111,타이어 및 튜브 제조업,0402,운송장비/부품
1426,22112,타이어 재생업,0402,운송장비/부품
1427,22191,고무 패킹류 제조업,0302,전자기기 및 구성요소
1428,22192,산업용 그 외 비경화 고무제품 제조업,0302,산업장비
1429,22193,고무 의류 및 기타 위생용 비경화 고무제품 제조업,0302,산업장비
1430,22199,그 외 기타 고무제품 제조업,0302,산업장비
1431,22211,"플라스틱 선, 봉, 관 및 호스 제조업",9901,화학물질/제품
1432,22212,플라스틱 필름 제조업,9901,화학물질/제품
1433,22213,플라스틱 시트 및 판 제조업,9901,화학물질/제품
1434,22214,플라스틱 합성피혁 제조업,9901,화학물질/제품
1435,22221,벽 및 바닥 피복용 플라스틱 제품 제조업,9901,화학물질/제품
1436,22222,설치용 및 위생용 플라스틱제품 제조업,9901,화학물질/제품
1437,22223,플라스틱 창호 제조업,9901,화학물질/제품
1438,22229,기타 건축용 플라스틱 조립제품 제조업,9901,화학물질/제품
1439,22231,"플라스틱 포대, 봉투 및 유사제품 제조업",9901,화학물질/제품
1440,22232,포장용 플라스틱 성형용기 제조업,9901,화학물질/제품
1441,22241,운송장비 조립용 플라스틱제품 제조업,0402,운송장비/부품
1442,22249,기타 기계ㆍ장비 조립용 플라스틱제품 제조업,0302,전자기기 및 구성요소
1443,22251,폴리스티렌 발포 성형제품 제조업,9901,화학물질/제품
1444,22259,기타 플라스틱 발포 성형제품 제조업,9901,화학물질/제품
1445,22291,플라스틱 접착처리 제품 제조업,9901,화학물질/제품
1446,22292,"플라스틱 적층, 도포 및 기타 표면처리 제품 제조업",9901,화학물질/제품
1447,22299,그 외 기타 플라스틱 제품 제조업,9901,화학물질/제품
1448,23111,판유리 제조업,9902,금속/ 비금속
1449,23112,안전유리 제조업,9902,금속/ 비금속
1450,23119,기타 판유리 가공품 제조업,9902,금속/ 비금속
1451,23121,1차 유리제품유리섬유 및 광학용 유리 제조업,9902,금속/ 비금속
1452,23122,디스플레이 장치용 유리 제조업,0103,반도체
1453,23129,기타 산업용 유리제품 제조업,9902,금속/ 비금속
1454,23191,가정용 유리제품 제조업,9902,금속/ 비금속
1455,23192,포장용 유리용기 제조업,9902,금속/ 비금속
1456,23199,그 외 기타 유리제품 제조업,9902,금속/ 비금속
1457,23211,정형 내화 요업제품 제조업,9902,금속/ 비금속
1458,23212,부정형 내화 요제품 제조업,9902,금속/ 비금속
1459,23221,가정용 및 장식용 도자기 제조업,9902,금속/ 비금속
1460,23222,위생용 및 산업용 도자기 제조업,9902,금속/ 비금속
1461,23229,기타 일반 도자기 제조업,9902,금속/ 비금속
1462,23231,점토 벽돌블록 및 유사 비내화 요제품 제조업,9902,금속/ 비금속
1463,23232,타일 및 유사 비내화 요업제품 제조업,9902,금속/ 비금속
1464,23239,기타 건축용 비내화 요업제품 제조업,9902,금속/ 비금속
1465,23311,시멘트 제조업,9902,금속/ 비금속
1466,23312,석회 및 플라스터 제조업,9902,금속/ 비금속
1467,23321,비내화 모르타르 제조업,9902,금속/ 비금속
1468,23322,레미콘 제조업,9902,금속/ 비금속
1469,23323,플라스터 혼합제품 제조업,9902,금속/ 비금속
1470,23324,"콘크리트 타일, 기와, 벽돌 및 블록 제조업",9902,금속/ 비금속
1471,23325,콘크리트 관 및 기타 구조용 콘크리트제품 제조업,9902,금속/ 비금속
1472,23329,그 외 기타 콘크리트 제품 및 유사 제품 제조업,9902,금속/ 비금속
1473,23911,건설용 석제품 제조업,9902,금속/ 비금속
1474,23919,기타 석제품 제조업,9902,금속/ 비금속
1475,23991,아스팔트 콘크리트 및 혼합제품 제조업,9902,금속/ 비금속
1476,23992,연마재 제조업,9902,금속/ 비금속
1477,23993,비금속광물 분쇄물 생산업,9902,금속/ 비금속
1478,23994,암면 및 유사 제품 제조업,9902,금속/ 비금속
1479,23995,탄소섬유 제조업,9901,화학물질/제품
1480,23999,그 외 기타 분류 안된 비금속 광물제품 제조업,9902,금속/ 비금속
1481,24111,제철업,9902,금속/ 비금속
1482,24112,제강업,9902,금속/ 비금속
1483,24113,합금철 제조업,9902,금속/ 비금속
1484,24119,기타 제철 및 제강업,9902,금속/ 비금속
1485,24121,열간 압연 및 압출제품 제조업,9902,금속/ 비금속
1486,24122,냉간 압연 및 압출 제품 제조업,9902,금속/ 비금속
1487,24123,철강선 제조업,9902,금속/ 비금속
1488,24131,주철관 제조업,9902,금속/ 비금속
1489,24132,강관 제조업,9902,금속/ 비금속
1490,24133,강관 가공품 및 관 연결구류 제조업,9902,금속/ 비금속
1491,24191,도금착색 및 기타 표면 처리 강재 제조업,9902,금속/ 비금속
1492,24199,그 외 기타 1차 철강 제조업,9902,금속/ 비금속
1493,24211,동 제련정련 및 합금 제조업,9902,금속/ 비금속
1494,24212,알루미늄 제련정련 및 합금 제조업,9902,금속/ 비금속
1495,24213,연 및 아연 제련정련 및 합금 제조업,9902,금속/ 비금속
1496,24219,기타 비철금속 제련정련 및 합금 제조업,9902,금속/ 비금속
1497,24221,동 압연압출 및 연신제품 제조업,9902,금속/ 비금속
1498,24222,알루미늄 압연압출 및 연신제품 제조업,9902,금속/ 비금속
1499,24229,기타 비철금속 압연압출 및 연신제품 제조업,9902,금속/ 비금속
1500,24290,기타 1차 비철금속 제조업,9902,금속/ 비금속
1501,24311,선철 주물 주조업,9902,금속/ 비금속
1502,24312,강 주물 주조업,9902,금속/ 비금속
1503,24321,알루미늄 주물 주조업,9902,금속/ 비금속
1504,24322,동 주물 주조업,9902,금속/ 비금속
1505,24329,기타 비철금속 주조업,9902,금속/ 비금속
1506,25111,금속 문창셔터 및 관련제품 제조업,9902,금속/ 비금속
1507,25112,구조용 금속 판제품 및 공작물 제조업,9902,금속/ 비금속
1508,25113,육상 금속 골조 구조재 제조업,9902,금속/ 비금속
1509,25114,수상 금속 골조 구조재 제조업,9902,금속/ 비금속
1510,25119,기타 구조용 금속제품 제조업,9902,금속/ 비금속
1511,25121,산업용 난방보일러 및 방열기 제조업,0303,산업 장비
1512,25122,금속 탱크 및 저장 용기 제조업,9902,금속/ 비금속
1513,25123,압축 및 액화 가스 용기 제조업,9902,금속/ 비금속
1514,25130,핵반응기 및 증기보일러 제조업,0601,신에너지/재생에너지
1515,25200,무기 및 총포탄 제조업,9902,금속/ 비금속
1516,25911,분말 야금제품 제조업,9902,금속/ 비금속
1517,25912,금속 단조제품 제조업,9902,금속/ 비금속
1518,25913,자동차용 금속 압형제품 제조업,0402,운송장비/부품
1519,25914,그 외 금속 압형제품 제조업,9902,금속/ 비금속
1520,25921,금속 열처리업,9902,금속/ 비금속
1521,25922,도금업,9902,금속/ 비금속
1522,25923,도장 및 기타 피막 처리업,9902,금속/ 비금속
1523,25924,절삭 가공 및 유사 처리업,9902,금속/ 비금속
1524,25929,그 외 기타 금속 가공업,9902,금속/ 비금속
1525,25931,날붙이 제조업,0301,일반기계/정밀기계
1526,25932,일반 철물 제조업,0301,일반기계/정밀기계
1527,25933,비동력식 수공구 제조업,0301,일반기계/정밀기계
1528,25934,톱 및 호환성 공구 제조업,0301,일반기계/정밀기계
1529,25941,볼트 및 너트류 제조업,0301,일반기계/정밀기계
1530,25942,그 외 금속 파스너 및 나사제품 제조업,0301,일반기계/정밀기계
1531,25943,금속 스프링 제조업,0302,전자기기 및 구성요소
1532,25944,금속선 가공제품 제조업,9902,금속/ 비금속
1533,25991,금속 캔 및 기타 포장용기 제조업,0799,기타
1534,25992,수동식 식품 가공 기기 및 금속 주방용기 제조업,0301,일반기계/정밀기계
1535,25993,금속 위생용품 제조업,0703,소비재
1536,25994,금속 표시판 제조업,0799,기타
1537,25995,피복 및 충전 용접봉 제조업,9902,금속/ 비금속
1538,25999,그 외 기타 분류 안된 금속 가공제품 제조업,9902,금속/ 비금속
1539,26111,메모리용 전자집적회로 제조업,0103,반도체
1540,26112,비메모리용 및 기타 전자집적회로 제조업,0103,반도체
1541,26121,발광 다이오드 제조업,0103,반도체
1542,26129,기타 반도체 소자 제조업,0103,반도체
1543,26211,액정 표시장치 제조업,0202,반도체 및 전자부품
1544,26212,유기 발광 표시장치 제조업,0202,반도체 및 전자부품
1545,26219,기타 표시장치 제조업,0202,반도체 및 전자부품
1546,26221,인쇄회로기판용 적층판 제조업,0202,반도체 및 전자부품
1547,26222,경성 인쇄회로기판 제조업,0202,반도체 및 전자부품
1548,26223,연성 및 기타 인쇄회로기판 제조업,0202,반도체 및 전자부품
1549,26224,전자 부품 실장기판 제조업,0202,반도체 및 전자부품
1550,26291,전자 축전기 제조업,0202,반도체 및 전자부품
1551,26292,전자 저항기 제조업,0202,반도체 및 전자부품
1552,26293,전자카드 제조업,0202,반도체 및 전자부품
1553,26294,전자코일변성기 및 기타 전자 유도자 제조업,0202,반도체 및 전자부품
1554,26295,전자 감지장치 제조업,0203,드론 및 로보틱스
1555,26299,그 외 기타 전자 부품 제조업,0202,반도체 및 전자부품
1556,26310,컴퓨터 제조업,0201,컴퓨터 및 주변기기
1557,26321,기억 장치 제조업,0201,컴퓨터 및 주변기기
1558,26322,컴퓨터 모니터 제조업,0201,컴퓨터 및 주변기기
1559,26323,컴퓨터 프린터 제조업,0201,컴퓨터 및 주변기기
1560,26329,기타 주변 기기 제조업,0201,컴퓨터 및 주변기기
1561,26410,유선 통신장비 제조업,0107,모바일 및 통신
1562,26421,방송장비 제조업,0107,모바일 및 통신
1563,26422,이동 전화기 제조업,0107,모바일 및 통신
1564,26429,기타 무선 통신장비 제조업,0107,모바일 및 통신
1565,26511,텔레비전 제조업,0302,전자기기 및 구성요소
1566,26519,비디오 및 기타 영상 기기 제조업,0302,전자기기 및 구성요소
1567,26521,라디오녹음 및 재생 기기 제조업,0302,전자기기 및 구성요소
1568,26529,기타 음향기기 제조업,0302,전자기기 및 구성요소
1569,26600,마그네틱 및 광학 매체 제조업,0201,컴퓨터 및 주변기기
1570,27111,방사선 장치 제조업,0902,의료기기
1571,27112,전기식 진단 및 요법 기기 제조업,0902,의료기기
1572,27191,치과용 기기 제조업,0902,의료기기
1573,27192,정형 외과용 및 신체 보정용 기기 제조업,0902,의료기기
1574,27193,안경 및 안경렌즈 제조업,0902,의료기기
1575,27194,의료용 가구 제조업,0902,의료기기
1576,27199,그 외 기타 의료용 기기 제조업,0902,의료기기
1577,27211,레이더항행용 무선 기기 및 측량 기구 제조업,0301,일반기계/정밀기계
1578,27212,전자기 측정시험 및 분석 기구 제조업,0301,일반기계/정밀기계
1579,27213,물질 검사측정 및 분석 기구 제조업,0301,일반기계/정밀기계
1580,27214,속도계 및 적산계기 제조업,0301,일반기계/정밀기계
1581,27215,기기용 자동 측정 및 제어장치 제조업,0301,일반기계/정밀기계
1582,27216,산업 처리공정 제어장비 제조업,0302,전자기기 및 구성요소
1583,27219,기타 측정시험항해제어 및 정밀 기기 제조업,0301,일반기계/정밀기계
1584,27301,광학 렌즈 및 광학 요소 제조업,0301,일반기계/정밀기계
1585,27302,사진기영사기 및 관련 장비 제조업,0301,일반기계/정밀기계
1586,27309,기타 광학 기기 제조업,0301,일반기계/정밀기계
1587,27400,시계 및 시계 부품 제조업,0703,소비재
1588,28111,전동기 및 발전기 제조업,0601,신에너지/재생에너지
1589,28112,변압기 제조업,0601,신에너지/재생에너지
1590,28113,방전 램프용 안정기 제조업,0302,전자기기 및 구성요소
1591,28114,에너지 저장장치 제조업,0604,에너지저장/에너지효율성
1592,28119,기타 전기 변환장치 제조업,0302,전자기기 및 구성요소
1593,28121,전기회로 개폐보호 장치 제조업,0302,전자기기 및 구성요소
1594,28122,전기회로 접속장치 제조업,0302,전자기기 및 구성요소
1595,28123,배전반 및 전기 자동제어반 제조업,0302,전자기기 및 구성요소
1596,28201,일차전지 제조업,0604,에너지저장/에너지효율성
1597,28202,축전지 제조업,0604,에너지저장/에너지효율성
1598,28301,광섬유 케이블 제조업,0107,모바일 및 통신
1599,28302,기타 절연선 및 케이블 제조업,0302,전자기기 및 구성요소
1600,28303,절연 코드세트 및 기타 도체 제조업,0302,전자기기 및 구성요소
1601,28410,전구 및 램프 제조업,0302,전자기기 및 구성요소
1602,28421,운송장비용 조명장치 제조업,0402,운송장비/부품
1603,28422,일반용 전기 조명장치 제조업,0302,전자기기 및 구성요소
1604,28423,전시 및 광고용 조명장치 제조업,0302,전자기기 및 구성요소
1605,28429,기타 조명장치 제조업,0302,전자기기 및 구성요소
1606,28511,주방용 전기 기기 제조업,0302,전자기기 및 구성요소
1607,28512,가정용 전기 난방기기 제조업,0302,전자기기 및 구성요소
1608,28519,기타 가정용 전기 기기 제조업,0302,전자기기 및 구성요소
1609,28520,가정용 비전기식 조리 및 난방 기구 제조업,0302,전자기기 및 구성요소
1610,28901,전기 경보 및 신호장치 제조업,0302,전자기기 및 구성요소
1611,28902,전기용 탄소제품 및 절연제품 제조업,0302,전자기기 및 구성요소
1612,28903,교통 신호장치 제조업,0405,물류 소프트웨어 및 공급망 관리
1613,28909,그 외 기타 전기장비 제조업,0302,전자기기 및 구성요소
1614,29111,내연기관 제조업,0402,운송장비/부품
1615,29119,기타 기관 및 터빈 제조업,0302,전자기기 및 구성요소
1616,29120,유압 기기 제조업,0301,일반기계/정밀기계
1617,29131,액체 펌프 제조업,0301,일반기계/정밀기계
1618,29132,기체 펌프 및 압축기 제조업,0301,일반기계/정밀기계
1619,29133,"탭, 밸브 및 유사 장치 제조업",0301,일반기계/정밀기계
1620,29141,구름베어링 제조업,0301,일반기계/정밀기계
1621,29142,기어 및 동력전달장치 제조업,0301,일반기계/정밀기계
1622,29150,"산업용 오븐, 노 및 노용 버너 제조업",0303,산업 장비
1623,29161,산업용 트럭 및 적재기 제조업,0405,물류 소프트웨어 및 공급망 관리
1624,29162,승강기 제조업,0301,일반기계/정밀기계
1625,29163,컨베이어 장치 제조업,0303,산업 장비
1626,29169,기타 물품 취급장비 제조업,0303,산업 장비
1627,29171,산업용 냉장 및 냉동장비 제조업,0302,전자기기 및 구성요소
1628,29172,공기 조화장치 제조업,0302,전자기기 및 구성요소
1629,29173,산업용 송풍기 및 배기장치 제조업,0303,산업 장비
1630,29174,기체 여과기 제조업,0303,산업 장비
1631,29175,액체 여과기 제조업,0303,산업 장비
1632,29176,증류기열 교환기 및 가스 발생기 제조업,0303,산업 장비
1633,29180,사무용 기계 및 장비 제조업,0301,일반기계/정밀기계
1634,29191,일반 저울 제조업,0301,일반기계/정밀기계
1635,29192,용기 세척포장 및 충전기 제조업,0303,산업 장비
1636,29193,분사기 및 소화기 제조업,0303,산업 장비
1637,29194,동력식 수지 공구 제조업,0301,일반기계/정밀기계
1638,29199,그 외 기타 일반 목적용 기계 제조업,0301,일반기계/정밀기계
1639,29210,농업 및 임업용 기계 제조업,0603,농업/애그테크
1640,29221,전자 응용 절삭기계 제조업,0301,일반기계/정밀기계
1641,29222,디지털 적층 성형기계 제조업,0301,일반기계/정밀기계
1642,29223,금속 절삭기계 제조업,0301,일반기계/정밀기계
1643,29224,금속 성형기계 제조업,0301,일반기계/정밀기계
1644,29229,기타 가공 공작기계 제조업,0301,일반기계/정밀기계
1645,29230,금속 주조 및 기타 야금용 기계 제조업,9902,금속/ 비금속
1646,29241,건설 및 채광용 기계장비 제조업,0303,산업 장비
1647,29242,광물 처리 및 취급장비 제조업,0303,산업 장비
1648,29250,음ㆍ식료품 및 담배 가공기계 제조업,0303,산업 장비
1649,29261,"산업용 섬유 세척, 염색, 정리 및 가공 기계 제조업",0303,산업 장비
1650,29269,기타 섬유의복 및 가죽 가공기계 제조업,0303,산업 장비
1651,29271,반도체 제조용 기계 제조업,0103,반도체
1652,29272,디스플레이 제조용 기계 제조업,0103,반도체
1653,29280,산업용 로봇 제조업,0203,드론 및 로보틱스
1654,29291,펄프 및 종이 가공용 기계 제조업,0303,산업 장비
1655,29292,고무화학섬유 및 플라스틱 성형기 제조업,0303,산업 장비
1656,29293,인쇄 및 제책용 기계 제조업,0303,산업 장비
1657,29294,주형 및 금형 제조업,0303,산업 장비
1658,29299,그 외 기타 특수 목적용 기계 제조업,0303,산업 장비
1659,30110,자동차용 엔진 제조업,0402,운송장비/부품
1660,30121,승용차 및 기타 여객용 자동차 제조업,0402,운송장비/부품
1661,30122,화물 자동차 및 특수 목적용 자동차 제조업,0402,운송장비/부품
1662,30201,차체 및 특장차 제조업,0402,운송장비/부품
1663,30202,자동차 구조 및 장치 변경업,0402,운송장비/부품
1664,30203,트레일러 및 세미 트레일러 제조업,0402,운송장비/부품
1665,30310,자동차용 신품 부품 제조업,0402,운송장비/부품
1666,30320,자동차 차체용 신품 부품 제조업,0402,운송장비/부품
1667,30331,자동차용 신품 동력 전달장치 제조업,0402,운송장비/부품
1668,30332,자동차용 신품 전기장치 제조업,0402,운송장비/부품
1669,30391,자동차용 신품 조향장치 및 현가장치 제조업,0402,운송장비/부품
1670,30392,자동차용 신품 제동장치 제조업,0402,운송장비/부품
1671,30393,자동차용 신품 의자 제조업,0402,운송장비/부품
1672,30399,그 외 자동차용 신품 부품 제조업,0402,운송장비/부품
1673,30400,자동차 재제조 부품 제조업,0402,운송장비/부품
1674,31111,강선 건조업,9902,금속/ 비금속
1675,31112,합성수지선 건조업,0402,운송장비/부품
1676,31113,기타 선박 건조업,0402,운송장비/부품
1677,31114,선박 구성 부분품 제조업,0402,운송장비/부품
1678,31120,오락 및 스포츠용 보트 건조업,0804,"여행, 여가/ 스포츠"
1679,31201,기관차 및 기타 철도 차량 제조업,0402,운송장비/부품
1680,31202,철도 차량 부품 및 관련 장치물 제조업,0402,운송장비/부품
1681,31311,유인 항공기항공 우주선 및 보조장치 제조업,0402,운송장비/부품
1682,31312,무인 항공기 및 무인 비행장치 제조업,0203,드론 및 로보틱스
1683,31321,항공기용 엔진 제조업,0402,운송장비/부품
1684,31322,항공기용 부품 제조업,0402,운송장비/부품
1685,31910,전투용 차량 제조업,0301,일반기계/정밀기계
1686,31920,모터사이클 제조업,0402,운송장비/부품
1687,31991,자전거 및 환자용 차량 제조업,0402,운송장비/부품
1688,31999,그 외 기타 달리 분류되지 않은 운송장비 제조업,0402,운송장비/부품
1689,32011,매트리스 및 침대 제조업,0703,소비재
1690,32019,소파 및 기타 내장 가구 제조업,0703,소비재
1691,32021,주방용 및 음식점용 목재 가구 제조업,0703,소비재
1692,32029,기타 목재 가구 제조업,0703,소비재
1693,32091,금속 가구 제조업,0703,소비재
1694,32099,그 외 기타 가구 제조업,0703,소비재
1695,33110,귀금속 및 관련제품 제조업,0703,소비재
1696,33120,모조 귀금속 및 모조 장신용품 제조업,0703,소비재
1697,33201,건반 악기 제조업,0703,소비재
1698,33202,전자 악기 제조업,0703,소비재
1699,33209,기타 악기 제조업,0703,소비재
1700,33301,체조육상 및 체력 단련용 장비 제조업,0804,"여행, 여가/ 스포츠"
1701,33302,놀이터용 장비 제조업,0804,"여행, 여가/ 스포츠"
1702,33303,낚시 및 수렵용구 제조업,0804,"여행, 여가/ 스포츠"
1703,33309,기타 운동 및 경기용구 제조업,0804,"여행, 여가/ 스포츠"
1704,33401,인형 및 장난감 제조업,0703,소비재
1705,33402,영상게임기 제조업,0801,게임
1706,33409,기타 오락용품 제조업,0703,소비재
1707,33910,간판 및 광고물 제조업,0799,기타
1708,33920,사무 및 회화용품 제조업,0703,소비재
1709,33931,가발 및 유사 제품 제조업,0705,미용 및 개인관리
1710,33932,전시용 모형 제조업,0799,기타
1711,33933,표구 처리업,0799,기타
1712,33991,단추 및 유사 파스너 제조업,0703,소비재
1713,33992,라이터연소물 및 흡연용품 제조업,0703,소비재
1714,33993,비 및 솔 제조업,0703,소비재
1715,33999,그 외 기타 달리 분류되지 않은 제품 제조업,0703,소비재
1716,34011,건설ㆍ광업용 기계 및 장비 수리업,0303,산업 장비
1717,34019,기타 일반 기계 및 장비 수리업,0301,일반기계/정밀기계
1718,34020,전기ㆍ전자 및 정밀 기기 수리업,0199,기타
1719,35111,원자력 발전업,0601,신에너지/재생에너지
1720,35112,수력 발전업,0601,신에너지/재생에너지
1721,35113,화력 발전업,0601,신에너지/재생에너지
1722,35114,태양력 발전업,0601,신에너지/재생에너지
1723,35119,기타 발전업,0601,신에너지/재생에너지
1724,35120,송전 및 배전업,0604,에너지저장/에너지효율성
1725,35130,전기 판매업,0604,에너지저장/에너지효율성
1726,35200,연료용 가스 제조 및 배관공급업,0602,석유/가스/광업
1727,35300,증기냉ㆍ온수 및 공기 조절 공급업,0604,에너지저장/에너지효율성
1728,36010,생활용수 공급업,0605,환경기술
1729,36020,산업용수 공급업,0605,환경기술
1730,37011,하수 처리업,0605,환경기술
1731,37012,폐수 처리업,0605,환경기술
1732,37021,사람 분뇨 처리업,0605,환경기술
1733,37022,축산 분뇨 처리업,0605,환경기술
1734,38110,"지정 외 폐기물 수집, 운반업",0605,환경기술
1735,38120,"지정 폐기물 수집, 운반업",0605,환경기술
1736,38130,건설 폐기물 수집운반업,0605,환경기술
1737,38210,지정 외 폐기물 처리업,0605,환경기술
1738,38220,지정 폐기물 처리업,0605,환경기술
1739,38230,건설 폐기물 처리업,0605,환경기술
1740,38240,방사성 폐기물 수집운반 및 처리업,0605,환경기술
1741,38311,금속류 해체 및 선별업,0605,환경기술
1742,38312,금속류 원료 재생업,0605,환경기술
1743,38321,비금속류 해체 및 선별업,0605,환경기술
1744,38322,비금속류 원료 재생업,0605,환경기술
1745,39001,토양 및 지하수 정화업,0605,환경기술
1746,39009,기타 환경 정화 및 복원업,0605,환경기술
1747,41111,단독 주택 건설업,9904,건축/토목/인프라
1748,41112,아파트 건설업,9904,건축/토목/인프라
1749,41119,기타 공동 주택 건설업,9904,건축/토목/인프라
1750,41121,사무ㆍ상업용 및 공공기관용 건물 건설업,9904,건축/토목/인프라
1751,41122,제조업 및 유사 산업용 건물 건설업,9904,건축/토목/인프라
1752,41129,기타 비주거용 건물 건설업,9904,건축/토목/인프라
1753,41210,지반조성 건설업,9904,건축/토목/인프라
1754,41221,도로 건설업,9904,건축/토목/인프라
1755,41222,교량터널 및 철도 건설업,9904,건축/토목/인프라
1756,41223,"항만, 수로, 댐 및 유사 구조물 건설업",9904,건축/토목/인프라
1757,41224,환경설비 건설업,0605,환경기술
1758,41225,산업 생산시설 종합 건설업,9904,건축/토목/인프라
1759,41226,조경 건설업,9904,건축/토목/인프라
1760,41229,기타 토목 시설물 건설업,9904,건축/토목/인프라
1761,42110,건물 및 구축물 해체 공사업,9904,건축/토목/인프라
1762,42121,토공사업,9904,건축/토목/인프라
1763,42122,보링그라우팅 및 관정 공사업,9904,건축/토목/인프라
1764,42123,파일공사 및 축조관련 기초 공사업,9904,건축/토목/인프라
1765,42129,기타 기반조성 관련 전문공사업,9904,건축/토목/인프라
1766,42131,철골 및 관련 구조물 공사업,9904,건축/토목/인프라
1767,42132,콘크리트 및 철근 공사업,9904,건축/토목/인프라
1768,42133,조적 및 석공사업,9904,건축/토목/인프라
1769,42134,포장 공사업,9904,건축/토목/인프라
1770,42135,철도 궤도 전문공사업,9904,건축/토목/인프라
1771,42136,수중 공사업,9904,건축/토목/인프라
1772,42137,비계 및 형틀 공사업,9904,건축/토목/인프라
1773,42138,지붕내ㆍ외벽 축조 관련 전문공사업,9904,건축/토목/인프라
1774,42139,기타 옥외 시설물 축조관련 전문공사업,9904,건축/토목/인프라
1775,42201,배관 및 냉ㆍ난방 공사업,9904,건축/토목/인프라
1776,42202,건물용 기계ㆍ장비 설치 공사업,9904,건축/토목/인프라
1777,42203,방음방진 및 내화 공사업,9904,건축/토목/인프라
1778,42204,소방시설 공사업,9904,건축/토목/인프라
1779,42209,기타 건물 관련설비 설치 공사업,9904,건축/토목/인프라
1780,42311,일반 전기 공사업,9904,건축/토목/인프라
1781,42312,내부 전기배선 공사업,9904,건축/토목/인프라
1782,42321,일반 통신 공사업,9904,건축/토목/인프라
1783,42322,내부 통신배선 공사업,9904,건축/토목/인프라
1784,42411,도장 공사업,9904,건축/토목/인프라
1785,42412,도배실내 장식 및 내장 목공사업,9904,건축/토목/인프라
1786,42420,유리 및 창호 공사업,9904,건축/토목/인프라
1787,42491,미장타일 및 방수 공사업,9904,건축/토목/인프라
1788,42492,건물용 금속 공작물 설치 공사업,9904,건축/토목/인프라
1789,42499,그 외 기타 건축 마무리 공사업,9904,건축/토목/인프라
1790,42500,시설물 유지관리 공사업,9904,건축/토목/인프라
1791,42600,건설장비 운영업,9904,건축/토목/인프라
1792,45110,자동차 신품 판매업,0702,도소매업
1793,45120,중고 자동차 판매업,0702,도소매업
1794,45211,자동차 신품 타이어 및 튜브 판매업,0702,도소매업
1795,45212,자동차용 전용 신품 부품 판매업,0702,도소매업
1796,45213,자동차 내장용 신품 전기ㆍ전자ㆍ정밀기기 판매업,0702,도소매업
1797,45219,기타 자동차 신품 부품 및 내장품 판매업,0702,도소매업
1798,45220,자동차 중고 부품 및 내장품 판매업,0702,도소매업
1799,45301,모터사이클 및 부품 도매업,0702,도소매업
1800,45302,모터사이클 및 부품 소매업,0702,도소매업
1801,46101,"산업용 농ㆍ축산물, 섬유 원료 및 동물 중개업",0702,도소매업
1802,46102,음ㆍ식료품 및 담배 중개업,0702,도소매업
1803,46103,섬유의복신발 및 가죽제품 중개업,0702,도소매업
1804,46104,목재 및 건축자재 중개업,0702,도소매업
1805,46105,연료광물1차 금속비료 및 화학제품 중개업,0702,도소매업
1806,46106,기계 및 장비 중개업,0702,도소매업
1807,46107,그 외 기타 특정 상품 중개업,0702,도소매업
1808,46109,상품 종합 중개업,0702,도소매업
1809,46201,곡물 및 유지작물 도매업,0702,도소매업
1810,46202,종자 및 묘목 도매업,0702,도소매업
1811,46203,사료 도매업,0702,도소매업
1812,46204,화훼류 및 식물 도매업,0702,도소매업
1813,46205,육지 동물 및 애완 동물 도매업,0702,도소매업
1814,46209,기타 산업용 농산물 도매업,0702,도소매업
1815,46311,과실류 도매업,0702,도소매업
1816,46312,"채소류, 서류 및 향신작물류 도매업",0702,도소매업
1817,46313,육류 도매업,0702,도소매업
1818,46314,건어물 및 젓갈류 도매업,0702,도소매업
1819,46315,신선냉동 및 기타 수산물 도매업,0702,도소매업
1820,46319,기타 신선 식품 및 단순 가공 식품 도매업,0702,도소매업
1821,46321,육류 가공식품 도매업,0702,도소매업
1822,46322,수산물 가공식품 도매업,0702,도소매업
1823,46323,빵류과자류당류초콜릿 도매업,0702,도소매업
1824,46324,낙농품 및 동ㆍ식물성 유지 도매업,0702,도소매업
1825,46325,커피 및 차류 도매업,0702,도소매업
1826,46326,조미료 도매업,0702,도소매업
1827,46329,기타 가공식품 도매업,0702,도소매업
1828,46331,주류 도매업,0702,도소매업
1829,46332,비알코올 음료 도매업,0702,도소매업
1830,46333,담배 도매업,0702,도소매업
1831,46411,생활용 섬유 및 실 도매업,0702,도소매업
1832,46412,커튼 및 침구용품 도매업,0702,도소매업
1833,46413,남녀용 겉옷 및 셔츠 도매업,0702,도소매업
1834,46414,유아용 의류 도매업,0702,도소매업
1835,46415,속옷 및 잠옷 도매업,0702,도소매업
1836,46416,가죽 및 모피 제품 도매업,0702,도소매업
1837,46417,의복 액세서리 및 모조 장신구 도매업,0702,도소매업
1838,46419,기타 생활용 섬유 및 직물 제품 도매업,0702,도소매업
1839,46420,신발 도매업,0702,도소매업
1840,46431,생활용 가구 도매업,0702,도소매업
1841,46432,전구램프 및 조명장치 도매업,0702,도소매업
1842,46433,생활용 유리ㆍ요업ㆍ목재ㆍ금속 제품 및 날붙이 도매업,0702,도소매업
1843,46439,기타 비전기식 생활용 기기 및 기구 도매업,0702,도소매업
1844,46441,의약품 도매업,0702,도소매업
1845,46442,의료용품 도매업,0702,도소매업
1846,46443,화장품 및 화장용품 도매업,0702,도소매업
1847,46444,비누 및 세정제 도매업,0702,도소매업
1848,46451,생활용 포장 및 위생용품봉투 및 유사 제품 도매업,0702,도소매업
1849,46452,문구용품회화용품사무용품 도매업,0702,도소매업
1850,46453,서적잡지 및 기타 인쇄물 도매업,0702,도소매업
1851,46461,음반 및 비디오물 도매업,0702,도소매업
1852,46462,악기 도매업,0702,도소매업
1853,46463,장난감 및 취미오락용품 도매업,0702,도소매업
1854,46464,운동 및 경기용품 도매업,0702,도소매업
1855,46465,자전거 및 기타 운송장비 도매업,0702,도소매업
1856,46491,가방 및 보호용 케이스 도매업,0702,도소매업
1857,46492,시계 및 귀금속 제품 도매업,0702,도소매업
1858,46493,안경사진장비 및 광학용품 도매업,0702,도소매업
1859,46499,그 외 기타 생활용품 도매업,0702,도소매업
1860,46510,"컴퓨터 및 주변장치, 소프트웨어 도매업",0702,도소매업
1861,46521,가전제품 및 부품 도매업,0702,도소매업
1862,46522,통신ㆍ방송장비 및 부품 도매업,0702,도소매업
1863,46531,농림업용 기계 및 장비 도매업,0702,도소매업
1864,46532,건설ㆍ광업용 기계 및 장비 도매업,0702,도소매업
1865,46533,공작용 기계 및 장비 도매업,0702,도소매업
1866,46539,기타 산업용 기계 및 장비 도매업,0702,도소매업
1867,46591,사무용 가구 및 기기 도매업,0702,도소매업
1868,46592,의료 기기 도매업,0702,도소매업
1869,46593,정밀 기기 및 과학 기기 도매업,0702,도소매업
1870,46594,수송용 운송장비 도매업,0702,도소매업
1871,46595,전기용 기계ㆍ장비 및 관련 기자재 도매업,0702,도소매업
1872,46596,전지 및 케이블 도매업,0702,도소매업
1873,46599,그 외 기타 기계 및 장비 도매업,0702,도소매업
1874,46611,원목 및 건축관련 목제품 도매업,0702,도소매업
1875,46612,골재벽돌 및 시멘트 도매업,0702,도소매업
1876,46613,유리 및 창호 도매업,0702,도소매업
1877,46621,배관 및 냉ㆍ난방장치 도매업,0702,도소매업
1878,46622,"철물, 금속 파스너 및 수공구 도매업",0702,도소매업
1879,46691,도료 도매업,0702,도소매업
1880,46692,벽지 및 장판류 도매업,0702,도소매업
1881,46699,그 외 기타 건축자재 도매업,0702,도소매업
1882,46711,고체 연료 및 관련제품 도매업,0702,도소매업
1883,46712,액체 연료 및 관련제품 도매업,0702,도소매업
1884,46713,기체 연료 및 관련제품 도매업,0702,도소매업
1885,46721,1차 금속제품 도매업,0702,도소매업
1886,46722,금속광물 도매업,0702,도소매업
1887,46731,염료안료 및 관련제품 도매업,0702,도소매업
1888,46732,비료 및 농약 도매업,0702,도소매업
1889,46733,플라스틱 물질 및 합성고무 도매업,0702,도소매업
1890,46739,기타 화학 물질 및 화학제품 도매업,0702,도소매업
1891,46741,방직용 섬유 및 실 도매업,0702,도소매업
1892,46742,직물 도매업,0702,도소매업
1893,46750,종이 원지판지종이상자 도매업,0702,도소매업
1894,46791,재생용 재료 수집 및 판매업,0702,도소매업
1895,46799,그 외 기타 상품 전문 도매업,0702,도소매업
1896,46800,상품 종합 도매업,0702,도소매업
1897,47111,백화점,0702,도소매업
1898,47112,대형 마트,0702,도소매업
1899,47119,기타 대형 종합 소매업,0702,도소매업
1900,47121,슈퍼마켓,0702,도소매업
1901,47122,체인화 편의점,0702,도소매업
1902,47129,기타 음ㆍ식료품 위주 종합 소매업,0702,도소매업
1903,47130,면세점,0702,도소매업
1904,47190,그 외 기타 종합 소매업,0702,도소매업
1905,47211,곡물곡분 및 가축 사료 소매업,0702,도소매업
1906,47212,육류 소매업,0702,도소매업
1907,47213,건어물 및 젓갈류 소매업,0702,도소매업
1908,47214,신선냉동 및 기타 수산물 소매업,0702,도소매업
1909,47215,"채소, 과실 및 뿌리작물 소매업",0702,도소매업
1910,47216,빵류과자류 및 당류 소매업,0702,도소매업
1911,47217,건강 보조식품 소매업,0702,도소매업
1912,47218,조리 반찬류 소매업,0702,도소매업
1913,47219,기타 식료품 소매업,0702,도소매업
1914,47221,음료 소매업,0702,도소매업
1915,47222,담배 소매업,0702,도소매업
1916,47311,"컴퓨터 및 주변장치, 소프트웨어 소매업",0702,도소매업
1917,47312,통신기기 소매업,0702,도소매업
1918,47320,가전제품 소매업,0702,도소매업
1919,47411,남자용 겉옷 소매업,0702,도소매업
1920,47412,여자용 겉옷 소매업,0702,도소매업
1921,47413,속옷 및 잠옷 소매업,0702,도소매업
1922,47414,셔츠 및 블라우스 소매업,0702,도소매업
1923,47415,한복 소매업,0702,도소매업
1924,47416,가죽 및 모피 의복 소매업,0702,도소매업
1925,47417,유아용 의류 소매업,0702,도소매업
1926,47419,기타 의복 소매업,0702,도소매업
1927,47421,가정용 직물제품 소매업,0702,도소매업
1928,47422,의복 액세서리 및 모조 장신구 소매업,0702,도소매업
1929,47429,섬유 원단실 및 기타 섬유제품 소매업,0702,도소매업
1930,47430,신발 소매업,0702,도소매업
1931,47440,가방 및 기타 가죽제품 소매업,0702,도소매업
1932,47511,철물 및 난방용구 소매업,0702,도소매업
1933,47512,공구 소매업,0702,도소매업
1934,47513,벽지마루덮개 및 장판류 소매업,0702,도소매업
1935,47519,"페인트, 창호 및 기타 건설자재 소매업",0702,도소매업
1936,47520,가구 소매업,0702,도소매업
1937,47591,전기용품 및 조명장치 소매업,0702,도소매업
1938,47592,"주방용품 및 가정용 유리, 요업제품 소매업",0702,도소매업
1939,47593,악기 소매업,0702,도소매업
1940,47599,그 외 기타 분류 안된 가정용품 소매업,0702,도소매업
1941,47611,서적신문 및 잡지류 소매업,0702,도소매업
1942,47612,문구용품 및 회화용품 소매업,0702,도소매업
1943,47620,음반 및 비디오물 소매업,0702,도소매업
1944,47631,운동 및 경기용품 소매업,0702,도소매업
1945,47632,자전거 및 기타 운송장비 소매업,0702,도소매업
1946,47640,게임용구인형 및 장난감 소매업,0702,도소매업
1947,47711,운송장비용 주유소 운영업,0702,도소매업
1948,47712,운송장비용 가스 충전업,0702,도소매업
1949,47721,가정용 고체 연료 소매업,0702,도소매업
1950,47722,가정용 액체 연료 소매업,0702,도소매업
1951,47723,가정용 가스 연료 소매업,0702,도소매업
1952,47811,의약품 및 의료용품 소매업,0702,도소매업
1953,47812,의료용 기구 소매업,0702,도소매업
1954,47813,"화장품, 비누 및 방향제 소매업",0702,도소매업
1955,47821,사무용 기기 소매업,0702,도소매업
1956,47822,안경 및 렌즈 소매업,0702,도소매업
1957,47823,사진기 및 사진용품 소매업,0702,도소매업
1958,47829,기타 광학 및 정밀 기기 소매업,0702,도소매업
1959,47830,시계 및 귀금속 소매업,0702,도소매업
1960,47841,예술품 및 골동품 소매업,0702,도소매업
1961,47842,기념품관광 민예품 및 장식용품 소매업,0702,도소매업
1962,47851,화초 및 식물 소매업,0702,도소매업
1963,47852,애완용 동물 및 관련용품 소매업,0702,도소매업
1964,47859,그 외 기타 분류 안된 상품 전문 소매업,0702,도소매업
1965,47861,중고 가구 소매업,0702,도소매업
1966,47862,중고 가전제품 및 통신장비 소매업,0702,도소매업
1967,47869,기타 중고 상품 소매업,0702,도소매업
1968,47911,전자상거래 소매 중개업,0701,전자상거래
1969,47912,전자상거래 소매업,0701,전자상거래
1970,47919,기타 통신 판매업,0701,전자상거래
1971,47920,노점 및 유사 이동 소매업,0702,도소매업
1972,47991,자동 판매기 운영업,0702,도소매업
1973,47992,계약배달 판매업,0702,도소매업
1974,47993,방문 판매업,0702,도소매업
1975,47999,그 외 기타 무점포 소매업,0702,도소매업
1976,49101,철도 여객 운송업,0401,운송서비스
1977,49102,철도 화물 운송업,0401,운송서비스
1978,49211,도시철도 운송업,0401,운송서비스
1979,49212,시내버스 운송업,0401,운송서비스
1980,49219,기타 도시 정기 육상 여객 운송업,0401,운송서비스
1981,49220,시외버스 운송업,0401,운송서비스
1982,49231,택시 운송업,0401,운송서비스
1983,49232,전세버스 운송업,0401,운송서비스
1984,49233,특수 여객 자동차 운송업,0401,운송서비스
1985,49239,기타 부정기 여객 육상 운송업,0401,운송서비스
1986,49301,일반 화물 자동차 운송업,0401,운송서비스
1987,49302,용달 화물 자동차 운송업,0401,운송서비스
1988,49303,개별 화물 자동차 운송업,0401,운송서비스
1989,49309,기타 도로 화물 운송업,0401,운송서비스
1990,49401,택배업,0401,운송서비스
1991,49402,늘찬 배달업,0401,운송서비스
1992,49500,파이프라인 운송업,0401,운송서비스
1993,50111,외항 여객 운송업,0401,운송서비스
1994,50112,외항 화물 운송업,0401,운송서비스
1995,50121,내항 여객 운송업,0401,운송서비스
1996,50122,내항 화물 운송업,0401,운송서비스
1997,50130,기타 해상 운송업,0401,운송서비스
1998,50201,내륙 수상 여객 및 화물 운송업,0401,운송서비스
1999,50202,항만 내 여객 운송업,0401,운송서비스
2000,50209,기타 내륙 수상 운송업,0401,운송서비스
2001,51100,항공 여객 운송업,0401,운송서비스
2002,51200,항공 화물 운송업,0401,운송서비스
2003,52101,일반 창고업,0499,기타
2004,52102,냉장 및 냉동 창고업,0499,기타
2005,52103,농산물 창고업,0499,기타
2006,52104,위험 물품 보관업,0499,기타
2007,52109,기타 보관 및 창고업,0499,기타
2008,52911,철도 운송 지원 서비스업,0401,운송서비스
2009,52912,여객 자동차 터미널 운영업,0401,운송서비스
2010,52913,물류 터미널 운영업,0405,물류 소프트웨어 및 공급망 관리
2011,52914,도로 및 관련시설 운영업,0401,운송서비스
2012,52915,주차장 운영업,0401,운송서비스
2013,52919,기타 육상 운송지원 서비스업,0401,운송서비스
2014,52921,항구 및 기타 해상 터미널 운영업,0401,운송서비스
2015,52929,기타 수상 운송 지원 서비스업,0401,운송서비스
2016,52931,공항 운영업,0401,운송서비스
2017,52939,기타 항공 운송지원 서비스업,0401,운송서비스
2018,52941,항공 및 육상 화물 취급업,0405,물류 소프트웨어 및 공급망 관리
2019,52942,수상 화물 취급업,0405,물류 소프트웨어 및 공급망 관리
2020,52991,통관 대리 및 관련서비스업,0405,물류 소프트웨어 및 공급망 관리
2021,52992,"화물 운송 중개, 대리 및 관련 서비스업",0405,물류 소프트웨어 및 공급망 관리
2022,52993,"화물 포장, 검수 및 계량 서비스업",0405,물류 소프트웨어 및 공급망 관리
2023,52999,그 외 기타 분류 안된 운송관련 서비스업,0401,운송서비스
2024,55101,호텔업,0804,"여행, 여가/ 스포츠"
2025,55102,여관업,0804,"여행, 여가/ 스포츠"
2026,55103,휴양 콘도 운영업,0804,"여행, 여가/ 스포츠"
2027,55104,민박업,0804,"여행, 여가/ 스포츠"
2028,55109,기타 일반 및 생활 숙박시설 운영업,0804,"여행, 여가/ 스포츠"
2029,55901,기숙사 및 고시원 운영업,0804,"여행, 여가/ 스포츠"
2030,55909,그 외 기타 숙박업,0804,"여행, 여가/ 스포츠"
2031,56111,한식 일반 음식점업,0704,식품 및 음료
2032,56112,한식 면 요리 전문점,0704,식품 및 음료
2033,56113,한식 육류 요리 전문점,0704,식품 및 음료
2034,56114,한식 해산물 요리 전문점,0704,식품 및 음료
2035,56121,중식 음식점업,0704,식품 및 음료
2036,56122,일식 음식점업,0704,식품 및 음료
2037,56123,서양식 음식점업,0704,식품 및 음료
2038,56129,기타 외국식 음식점업,0704,식품 및 음료
2039,56130,기관 구내식당업,0704,식품 및 음료
2040,56141,출장 음식 서비스업,0704,식품 및 음료
2041,56142,이동 음식점업,0704,식품 및 음료
2042,56191,제과점업,0704,식품 및 음료
2043,56192,"피자, 햄버거, 샌드위치 및 유사 음식점업",0704,식품 및 음료
2044,56193,치킨 전문점,0704,식품 및 음료
2045,56194,김밥 및 기타 간이 음식점업,0704,식품 및 음료
2046,56199,간이 음식 포장 판매 전문점,0704,식품 및 음료
2047,56211,일반 유흥 주점업,0704,식품 및 음료
2048,56212,무도 유흥 주점업,0704,식품 및 음료
2049,56213,생맥주 전문점,0704,식품 및 음료
2050,56219,기타 주점업,0704,식품 및 음료
2051,56221,커피 전문점,0704,식품 및 음료
2052,56229,기타 비알코올 음료점업,0704,식품 및 음료
2053,58111,교과서 및 학습 서적 출판업,0706,교육/에드테크
2054,58112,만화 출판업,0802,디지털미디어
2055,58113,일반 서적 출판업,0803,영상/출판방송
2056,58121,신문 발행업,0803,영상/출판방송
2057,58122,잡지 및 정기 간행물 발행업,0803,영상/출판방송
2058,58123,정기 광고 간행물 발행업,0803,영상/출판방송
2059,58190,기타 인쇄물 출판업,0803,영상/출판방송
2060,58211,유선 온라인 게임 소프트웨어 개발 및 공급업,0801,게임
2061,58212,모바일 게임 소프트웨어 개발 및 공급업,0801,게임
2062,58219,기타 게임 소프트웨어 개발 및 공급업,0801,게임
2063,58221,시스템 소프트웨어 개발 및 공급업,0101,소프트웨어
2064,58222,응용 소프트웨어 개발 및 공급업,0101,소프트웨어
2065,59111,일반 영화 및 비디오물 제작업,0803,영상/출판방송
2066,59112,애니메이션 영화 및 비디오물 제작업,0803,영상/출판방송
2067,59113,광고 영화 및 비디오물 제작업,0803,영상/출판방송
2068,59114,방송 프로그램 제작업,0803,영상/출판방송
2069,59120,영화비디오물 및 방송 프로그램 제작 관련 서비스업,0803,영상/출판방송
2070,59130,영화비디오물 및 방송 프로그램 배급업,0803,영상/출판방송
2071,59141,영화관 운영업,0803,영상/출판방송
2072,59142,비디오물 감상실 운영업,0803,영상/출판방송
2073,59201,음악 및 기타 오디오물 출판업,0805,공연/전시/음악
2074,59202,녹음시설 운영업,0805,공연/전시/음악
2075,60100,라디오 방송업,0803,영상/출판방송
2076,60210,지상파 방송업,0803,영상/출판방송
2077,60221,프로그램 공급업,0803,영상/출판방송
2078,60222,유선 방송업,0803,영상/출판방송
2079,60229,위성 및 기타 방송업,0803,영상/출판방송
2080,61100,공영 우편업,0107,모바일 및 통신
2081,61210,유선 통신업,0107,모바일 및 통신
2082,61220,무선 및 위성 통신업,0107,모바일 및 통신
2083,61291,통신 재판매업,0107,모바일 및 통신
2084,61299,그 외 기타 전기 통신업,0107,모바일 및 통신
2085,62010,컴퓨터 프로그래밍 서비스업,0101,소프트웨어
2086,62021,컴퓨터 시스템 통합 자문 및 구축 서비스업,0101,소프트웨어
2087,62022,컴퓨터시설 관리업,0101,소프트웨어
2088,62090,기타 정보 기술 및 컴퓨터 운영 관련 서비스업,0101,소프트웨어
2089,63111,자료 처리업,0104,데이터 센터 및 클라우드 컴퓨팅
2090,63112,호스팅 및 관련 서비스업,0104,데이터 센터 및 클라우드 컴퓨팅
2091,63120,포털 및 기타 인터넷 정보 매개 서비스업,0106,소셜미디어 및 플랫폼
2092,63910,뉴스 제공업,0802,디지털미디어
2093,63991,데이터베이스 및 온라인 정보 제공업,0104,데이터 센터 및 클라우드 컴퓨팅
2094,63999,그 외 기타 정보 서비스업,0199,기타
2095,64110,중앙은행,0505,은행/증권/보험/캐피탈/카드
2096,64121,국내은행,0505,은행/증권/보험/캐피탈/카드
2097,64122,외국은행,0505,은행/증권/보험/캐피탈/카드
2098,64131,신용조합,0505,은행/증권/보험/캐피탈/카드
2099,64132,상호 저축은행 및 기타 저축기관,0505,은행/증권/보험/캐피탈/카드
2100,64201,신탁 및 집합 투자업,0504,자산관리
2101,64209,기타 금융 투자업,0504,자산관리
2102,64911,금융 리스업,0505,은행/증권/보험/캐피탈/카드
2103,64912,개발 금융기관,0505,은행/증권/보험/캐피탈/카드
2104,64913,신용카드 및 할부 금융업,0505,은행/증권/보험/캐피탈/카드
2105,64919,그 외 기타 여신 금융업,0505,은행/증권/보험/캐피탈/카드
2106,64991,기금 운영업,0504,자산관리
2107,64992,지주회사,0504,자산관리
2108,64999,그 외 기타 분류 안된 금융업,0599,기타
2109,65110,생명보험업,0505,은행/증권/보험/캐피탈/카드
2110,65121,손해보험업,0505,은행/증권/보험/캐피탈/카드
2111,65122,보증보험업,0505,은행/증권/보험/캐피탈/카드
2112,65131,건강보험업,0905,의료 서비스
2113,65139,산업 재해 및 기타 사회보장보험업,0505,은행/증권/보험/캐피탈/카드
2114,65200,재보험업,0505,은행/증권/보험/캐피탈/카드
2115,65301,개인 공제업,0505,은행/증권/보험/캐피탈/카드
2116,65302,사업 공제업,0505,은행/증권/보험/캐피탈/카드
2117,65303,연금업,0505,은행/증권/보험/캐피탈/카드
2118,66110,금융시장 관리업,0506,금융 DB/SW
2119,66121,증권 중개업,0505,은행/증권/보험/캐피탈/카드
2120,66122,선물 중개업,0505,은행/증권/보험/캐피탈/카드
2121,66191,"증권 발행, 관리, 보관 및 거래 지원 서비스업",0506,금융 DB/SW
2122,66192,투자 자문업 및 투자 일임업,0504,자산관리
2123,66199,그 외 기타 금융 지원 서비스업,0599,기타
2124,66201,손해 사정업,0505,은행/증권/보험/캐피탈/카드
2125,66202,보험 대리 및 중개업,0505,은행/증권/보험/캐피탈/카드
2126,66209,기타 보험 및 연금관련 서비스업,0505,은행/증권/보험/캐피탈/카드
2127,68111,주거용 건물 임대업,9903,부동산 임대
2128,68112,비주거용 건물 임대업,9903,부동산 임대
2129,68119,기타 부동산 임대업,9903,부동산 임대
2130,68121,주거용 건물 개발 및 공급업,9903,부동산 임대
2131,68122,비주거용 건물 개발 및 공급업,9903,부동산 임대
2132,68129,기타 부동산 개발 및 공급업,9903,부동산 임대
2133,68211,주거용 부동산 관리업,9903,부동산 임대
2134,68212,비주거용 부동산 관리업,9903,부동산 임대
2135,68221,부동산 중개 및 대리업,9903,부동산 개발/임대
2136,68222,부동산 투자 자문업,9903,부동산 개발/임대
2137,68223,부동산 감정 평가업,9903,부동산 개발/임대
2138,70111,물리화학 및 생물학 연구개발업,0901,바이오테크놀로지
2139,70112,농림수산학 및 수의학 연구개발업,0901,바이오테크놀로지
2140,70113,의학 및 약학 연구개발업,0901,바이오테크놀로지
2141,70119,기타 자연과학 연구개발업,0901,바이오테크놀로지
2142,70121,전기ㆍ전자공학 연구개발업,0199,기타
2143,70129,기타 공학 연구개발업,9901,화학물질/제품
2144,70130,자연과학 및 공학 융합 연구개발업,9901,화학물질/제품
2145,70201,경제 및 경영학 연구개발업,0599,기타
2146,70209,기타 인문 및 사회과학 연구개발업,0706,교육/에드테크
2147,71101,변호사업,9905,법률/법무/행정
2148,71102,변리사업,9905,법률/법무/행정
2149,71103,법무사업,9905,법률/법무/행정
2150,71109,기타 법무관련 서비스업,9905,법률/법무/행정
2151,71201,공인회계사업,0507,세무/회계/컨설팅
2152,71202,세무사업,0507,세무/회계/컨설팅
2153,71209,기타 회계 관련 서비스업,0507,세무/회계/컨설팅
2154,71310,광고 대행업,0802,디지털미디어
2155,71391,옥외 및 전시 광고업,0802,디지털미디어
2156,71392,광고 매체 판매업,0802,디지털미디어
2157,71393,광고물 문안도안설계 등 작성업,0802,디지털미디어
2158,71399,그 외 기타 광고 관련 서비스업,0802,디지털미디어
2159,71400,시장 조사 및 여론 조사업,0899,기타
2160,71511,제조업 회사 본부,0299,기타
2161,71519,기타 산업 회사본부,0599,기타
2162,71531,경영 컨설팅업,0599,기타
2163,71532,공공관계 서비스업,0599,기타
2164,71600,기타 전문 서비스업,0599,기타
2165,72111,건축 설계 및 관련 서비스업,9903,부동산 임대
2166,72112,도시 계획 및 조경 설계 서비스업,9903,부동산 임대
2167,72121,건물 및 토목 엔지니어링 서비스업,9903,부동산 임대
2168,72122,환경 관련 엔지니어링 서비스업,0605,환경기술
2169,72129,기타 엔지니어링 서비스업,9903,부동산 임대
2170,72911,물질 성분 검사 및 분석업,0901,바이오테크놀로지
2171,72919,기타 기술 시험검사 및 분석업,0301,일반기계/정밀기계
2172,72921,측량업,9903,부동산 임대
2173,72922,제도업,9903,부동산 임대
2174,72923,지질 조사 및 탐사업,0602,석유/가스/광업
2175,72924,지도 제작업,0605,환경기술
2176,73100,수의업,0901,바이오테크놀로지
2177,73201,인테리어 디자인업,9903,부동산 임대
2178,73202,제품 디자인업,0799,기타
2179,73203,시각 디자인업,0799,기타
2180,73209,"패션, 섬유류 및 기타 전문 디자인업",0703,소비재
2181,73301,인물 사진 및 행사용 영상 촬영업,0803,영상/출판방송
2182,73302,상업용 사진 촬영업,0803,영상/출판방송
2183,73303,사진 처리업,0803,영상/출판방송
2184,73901,매니저업,0899,기타
2185,73902,번역 및 통역 서비스업,0899,기타
2186,73903,사업 및 무형 재산권 중개업,0599,기타
2187,73904,물품 감정계량 및 견본 추출업,0301,일반기계/정밀기계
2188,73909,그 외 기타 분류 안된 전문과학 및 기술 서비스업,9903,부동산 임대
2189,74100,사업시설 유지ㆍ관리 서비스업,0605,환경기술
2190,74211,건축물 일반 청소업,0605,환경기술
2191,74212,"산업설비, 운송장비 및 공공장소 청소업",0605,환경기술
2192,74220,소독구충 및 방제 서비스업,0605,환경기술
2193,74300,조경관리 및 유지 서비스업,0605,환경기술
2194,75110,고용 알선업,0599,기타
2195,75121,임시 및 일용 인력 공급업,0599,기타
2196,75122,상용 인력 공급 및 인사관리 서비스업,0599,기타
2197,75210,여행사업,0804,"여행, 여가/ 스포츠"
2198,75290,기타 여행 보조 및 예약 서비스업,0804,"여행, 여가/ 스포츠"
2199,75310,경비 및 경호 서비스업,0599,기타
2200,75320,보안 시스템 서비스업,9903,부동산 임대
2201,75330,탐정 및 조사 서비스업,0599,기타
2202,75911,문서 작성업,0599,기타
2203,75912,복사업,0799,기타
2204,75919,기타 사무 지원 서비스업,0599,기타
2205,75991,콜센터 및 텔레마케팅 서비스업,0199,기타
2206,75992,전시컨벤션 및 행사 대행업,0805,공연/전시/음악
2207,75993,신용 조사 및 추심 대행업,0599,기타
2208,75994,포장 및 충전업,0405,물류 소프트웨어 및 공급망 관리
2209,75999,그 외 기타 분류 안된 사업 지원 서비스업,0599,기타
2210,76110,자동차 임대업,0404,차량 공유 및 렌탈
2211,76190,기타 운송장비 임대업,0401,운송서비스
2212,76210,스포츠 및 레크리에이션 용품 임대업,0899,기타
2213,76220,음반 및 비디오물 임대업,0702,도소매업
2214,76291,서적 임대업,0702,도소매업
2215,76292,의류 임대업,0702,도소매업
2216,76299,그 외 기타 개인 및 가정용품 임대업,0702,도소매업
2217,76310,건설 및 토목공사용 기계ㆍ장비 임대업,9903,부동산 임대
2218,76320,컴퓨터 및 사무용 기계ㆍ장비 임대업,0799,기타
2219,76390,기타 산업용 기계 및 장비 임대업,0303,산업 장비
2220,76400,무형 재산권 임대업,9905,법률/법무/행정
2221,84111,입법기관,9905,법률/법무/행정
2222,84112,중앙 최고 집행기관,9905,법률/법무/행정
2223,84113,지방행정 집행기관,9905,법률/법무/행정
2224,84114,재정 및 경제정책 행정,9905,법률/법무/행정
2225,84119,기타 일반 공공 행정,9905,법률/법무/행정
2226,84120,정부기관 일반 보조 행정,9905,법률/법무/행정
2227,84211,교육 행정,9905,법률/법무/행정
2228,84212,문화 및 관광 행정,9905,법률/법무/행정
2229,84213,환경 행정,9905,법률/법무/행정
2230,84214,보건 및 복지 행정,9905,법률/법무/행정
2231,84219,기타 사회서비스 관리 행정,9905,법률/법무/행정
2232,84221,노동 행정,9905,법률/법무/행정
2233,84222,농림수산 행정,9905,법률/법무/행정
2234,84223,건설 및 운송 행정,9905,법률/법무/행정
2235,84224,우편 및 통신 행정,9905,법률/법무/행정
2236,84229,기타 산업 진흥 행정,9905,법률/법무/행정
2237,84310,외무 행정,9905,법률/법무/행정
2238,84320,국방 행정,9905,법률/법무/행정
2239,84401,법원,9905,법률/법무/행정
2240,84402,검찰,9905,법률/법무/행정
2241,84403,교도기관,9905,법률/법무/행정
2242,84404,경찰,9905,법률/법무/행정
2243,84405,소방서,9905,법률/법무/행정
2244,84409,기타 사법 및 공공 질서 행정,9905,법률/법무/행정
2245,84500,사회보장 행정,9905,법률/법무/행정
2246,85110,유아 교육기관,0706,교육/에드테크
2247,85120,초등학교,0706,교육/에드테크
2248,85211,중학교,0706,교육/에드테크
2249,85212,일반 고등학교,0706,교육/에드테크
2250,85221,상업 및 정보산업 특성화 고등학교,0706,교육/에드테크
2251,85222,공업 특성화 고등학교,0706,교육/에드테크
2252,85229,기타 특성화 고등학교,0706,교육/에드테크
2253,85301,전문대학,0706,교육/에드테크
2254,85302,대학교,0706,교육/에드테크
2255,85303,대학원,0706,교육/에드테크
2256,85410,특수학교,0706,교육/에드테크
2257,85420,외국인학교,0706,교육/에드테크
2258,85430,대안학교,0706,교육/에드테크
2259,85501,일반 교과학원,0706,교육/에드테크
2260,85502,방문 교육학원,0706,교육/에드테크
2261,85503,온라인 교육학원,0706,교육/에드테크
2262,85611,태권도 및 무술 교육기관,0706,교육/에드테크
2263,85612,기타 스포츠 교육기관,0706,교육/에드테크
2264,85613,레크리에이션 교육기관,0706,교육/에드테크
2265,85614,청소년 수련시설 운영업,0706,교육/에드테크
2266,85621,음악학원,0706,교육/에드테크
2267,85622,미술학원,0706,교육/에드테크
2268,85629,기타 예술학원,0706,교육/에드테크
2269,85631,외국어학원,0706,교육/에드테크
2270,85632,기타 교습학원,0706,교육/에드테크
2271,85640,사회교육시설,0706,교육/에드테크
2272,85650,직원 훈련기관,0706,교육/에드테크
2273,85661,운전학원,0706,교육/에드테크
2274,85669,기타 기술 및 직업 훈련학원,0706,교육/에드테크
2275,85691,컴퓨터 학원,0706,교육/에드테크
2276,85699,그 외 기타 분류 안된 교육기관,0706,교육/에드테크
2277,85701,교육관련 자문 및 평가업,0706,교육/에드테크
2278,85709,기타 교육지원 서비스업,0706,교육/에드테크
2279,86101,종합병원,0905,의료 서비스
2280,86102,일반병원,0905,의료 서비스
2281,86103,치과병원,0905,의료 서비스
2282,86104,한방병원,0905,의료 서비스
2283,86105,요양병원,0906,시니어 케어/요양/재활
2284,86201,일반의원,0905,의료 서비스
2285,86202,치과의원,0905,의료 서비스
2286,86203,한의원,0905,의료 서비스
2287,86204,방사선 진단 및 병리 검사 의원,0905,의료 서비스
2288,86300,공중 보건 의료업,0905,의료 서비스
2289,86901,앰뷸런스 서비스업,0905,의료 서비스
2290,86902,유사 의료업,0905,의료 서비스
2291,86909,그 외 기타 보건업,0905,의료 서비스
2292,87111,노인 요양 복지시설 운영업,0906,시니어 케어/요양/재활
2293,87112,노인 양로 복지시설 운영업,0906,시니어 케어/요양/재활
2294,87121,신체 부자유자 거주 복지시설 운영업,0906,시니어 케어/요양/재활
2295,87122,정신 질환정신 지체 및 약물 중독자 거주 복지시설 운영업,0906,시니어 케어/요양/재활
2296,87131,아동 및 부녀자 거주 복지시설 운영업,0906,시니어 케어/요양/재활
2297,87139,그 외 기타 거주 복지시설 운영업,0906,시니어 케어/요양/재활
2298,87210,보육시설 운영업,0906,시니어 케어/요양/재활
2299,87291,직업 재활원 운영업,0906,시니어 케어/요양/재활
2300,87292,종합복지관 운영업,0906,시니어 케어/요양/재활
2301,87293,방문 복지서비스 제공업,0906,시니어 케어/요양/재활
2302,87294,사회복지 상담 서비스 제공업,0905,의료 서비스
2303,87299,그 외 기타 비거주 복지 서비스업,0905,의료 서비스
2304,90110,공연시설 운영업,0805,공연/전시/음악
2305,90121,연극단체,0805,공연/전시/음악
2306,90122,무용 및 음악단체,0805,공연/전시/음악
2307,90123,기타 공연단체,0805,공연/전시/음악
2308,90131,공연 예술가,0805,공연/전시/음악
2309,90132,비공연 예술가,0805,공연/전시/음악
2310,90191,공연 기획업,0805,공연/전시/음악
2311,90192,공연 및 제작관련 대리업,0805,공연/전시/음악
2312,90199,그 외 기타 창작 및 예술관련 서비스업,0805,공연/전시/음악
2313,90211,도서관 및 기록 보존소 운영업,0899,기타
2314,90212,독서실 운영업,0799,기타
2315,90221,박물관 운영업,0805,공연/전시/음악
2316,90222,사적지 관리 운영업,0899,기타
2317,90231,식물원 및 동물원 운영업,0899,기타
2318,90232,자연공원 운영업,0899,기타
2319,90290,기타 유사 여가관련 서비스업,0899,기타
2320,91111,실내 경기장 운영업,0804,"여행, 여가/ 스포츠"
2321,91112,실외 경기장 운영업,0804,"여행, 여가/ 스포츠"
2322,91113,경주장 및 동물 경기장 운영업,0804,"여행, 여가/ 스포츠"
2323,91121,골프장 운영업,0804,"여행, 여가/ 스포츠"
2324,91122,스키장 운영업,0804,"여행, 여가/ 스포츠"
2325,91131,종합 스포츠시설 운영업,0804,"여행, 여가/ 스포츠"
2326,91132,체력 단련시설 운영업,0804,"여행, 여가/ 스포츠"
2327,91133,수영장 운영업,0804,"여행, 여가/ 스포츠"
2328,91134,볼링장 운영업,0804,"여행, 여가/ 스포츠"
2329,91135,당구장 운영업,0804,"여행, 여가/ 스포츠"
2330,91136,골프 연습장 운영업,0804,"여행, 여가/ 스포츠"
2331,91139,그 외 기타 스포츠시설 운영업,0804,"여행, 여가/ 스포츠"
2332,91191,스포츠 클럽 운영업,0804,"여행, 여가/ 스포츠"
2333,91199,그 외 기타 스포츠 서비스업,0804,"여행, 여가/ 스포츠"
2334,91210,유원지 및 테마파크 운영업,0804,"여행, 여가/ 스포츠"
2335,91221,전자 게임장 운영업,0801,게임
2336,91222,컴퓨터 게임방 운영업,0801,게임
2337,91223,노래 연습장 운영업,0899,기타
2338,91229,기타 오락장 운영업,0899,기타
2339,91231,낚시장 운영업,0804,"여행, 여가/ 스포츠"
2340,91239,기타 수상오락 서비스업,0804,"여행, 여가/ 스포츠"
2341,91241,복권 발행 및 판매업,0899,기타
2342,91249,기타 사행시설 관리 및 운영업,0899,기타
2343,91291,무도장 운영업,0899,기타
2344,91292,체육 공원 및 유사 공원 운영업,0804,"여행, 여가/ 스포츠"
2345,91293,기원 운영업,0899,기타
2346,91299,그 외 기타 분류 안된 오락관련 서비스업,0899,기타
2347,94110,산업 단체,9906,재단/단체/협회
2348,94120,전문가 단체,9906,재단/단체/협회
2349,94200,노동조합,9906,재단/단체/협회
2350,94911,불교 단체,9906,재단/단체/협회
2351,94912,기독교 단체,9906,재단/단체/협회
2352,94913,천주교 단체,9906,재단/단체/협회
2353,94914,민족 종교 단체,9906,재단/단체/협회
2354,94919,기타 종교 단체,9906,재단/단체/협회
2355,94920,정치 단체,9906,재단/단체/협회
2356,94931,환경운동 단체,9906,재단/단체/협회
2357,94939,기타 시민운동 단체,9906,재단/단체/협회
2358,94990,그 외 기타 협회 및 단체,9906,재단/단체/협회
2359,95110,컴퓨터 및 주변 기기 수리업,0199,기타
2360,95120,통신장비 수리업,0107,모바일 및 통신
2361,95211,자동차 종합 수리업,0499,기타
2362,95212,자동차 전문 수리업,0499,기타
2363,95213,자동차 세차업,0499,기타
2364,95220,모터사이클 수리업,0499,기타
2365,95310,가전제품 수리업,0302,전자기기 및 구성요소
2366,95391,의복 및 기타 가정용 직물제품 수리업,0703,소비재
2367,95392,가죽가방 및 신발 수리업,0703,소비재
2368,95393,시계귀금속 및 악기 수리업,0703,소비재
2369,95399,그 외 기타 개인 및 가정용품 수리업,0703,소비재
2370,96111,이용업,0705,미용 및 개인관리
2371,96112,두발 미용업,0705,미용 및 개인관리
2372,96113,피부 미용업,0705,미용 및 개인관리
2373,96119,기타 미용업,0705,미용 및 개인관리
2374,96121,욕탕업,0705,미용 및 개인관리
2375,96122,마사지업,0705,미용 및 개인관리
2376,96129,체형 등 기타 신체 관리 서비스업,0705,미용 및 개인관리
2377,96911,산업용 세탁업,0799,기타
2378,96912,가정용 세탁업,0799,기타
2379,96913,세탁물 공급업,0799,기타
2380,96921,장례식장 및 장의관련 서비스업,0799,기타
2381,96922,"화장터 운영, 묘지 분양 및 관리업",0799,기타
2382,96991,예식장업,0799,기타
2383,96992,점술 및 유사 서비스업,0799,기타
2384,96993,개인 간병 및 유사 서비스업,0906,시니어 케어/요양/재활
2385,96994,결혼 상담 및 준비 서비스업,0799,기타
2386,96995,애완 동물 장묘 및 보호 서비스업,0799,기타
2387,96999,그 외 기타 달리 분류되지 않은 개인 서비스업,0799,기타
2388,97000,가구 내 고용활동,0799,기타
2389,98100,자가 소비를 위한 가사 생산 활동,0799,기타
2390,98200,자가 소비를 위한 가사 서비스 활동,0799,기타
2391,99001,주한 외국 공관,9905,법률/법무/행정
2392,99009,기타 국제 및 외국기관,9905,법률/법무/행정
2393,02040,임업 관련 서비스업,0603,농업/애그테크
2394,15210,구두류 제조업,0703,소비재
